strain	strain_name	date	country	clade	subclade	short-clade	glycosylation	RBD
MT245316	A/Florida/03/2020	2020-01-02	USA	3C.2a1b.2b	E.2	3C.2a1b.2b	HA1:8:NST;HA1:22:NGT;HA1:38:NAT;HA1:45:NSS;HA1:63:NCT;HA1:122:NES;HA1:126:NWT;HA1:133:NGT;HA1:158:NYT;HA1:165:NVT;HA1:246:NST;HA1:285:NGS;HA2:154:NGT	4
MT245443	A/Florida/01/2020	2020-01-02	USA	3C.2a1b.2b	E.2	3C.2a1b.2b	HA1:8:NST;HA1:22:NGT;HA1:38:NAT;HA1:45:NSS;HA1:63:NCT;HA1:122:NES;HA1:126:NWT;HA1:133:NGT;HA1:158:NYT;HA1:165:NVT;HA1:246:NST;HA1:285:NGS;HA2:154:NGT	4
MT245881	A/Montana/07/2020	2020-01-15	USA	3C.3a1	C.1	3C.3a1	HA1:8:NST;HA1:22:NGT;HA1:38:NAT;HA1:45:NSS;HA1:63:NCT;HA1:122:NES;HA1:133:NGT;HA1:165:NVT;HA1:246:NST;HA1:285:NGS;HA2:154:NGT	4
MT245993	A/Oregon/02/2020	2020-01-01	USA	3C.2a1b.2b	E.2	3C.2a1b.2b	HA1:8:NST;HA1:22:NGT;HA1:38:NAT;HA1:45:NSS;HA1:63:NCT;HA1:122:NES;HA1:126:NWT;HA1:133:NGT;HA1:158:NYT;HA1:165:NVT;HA1:246:NST;HA1:285:NGS;HA2:154:NGT	4
MT342264	A/Idaho/05/2020	2020-01-07	USA	3C.2a1b.1b	D	3C.2a1b.1b	HA1:8:NST;HA1:22:NGT;HA1:38:NAT;HA1:45:NSS;HA1:63:NCT;HA1:122:NES;HA1:144:NSS;HA1:158:NYT;HA1:165:NVT;HA1:246:NST;HA1:285:NGS;HA2:154:NET	4
MT422929	A/Mississippi/11/2020	2020-02-10	USA	3C.2a1b.1a	B.1.2.1.1	3C.2a1b.1a	HA1:8:NST;HA1:22:NGT;HA1:38:NAT;HA1:45:NSS;HA1:63:NCT;HA1:122:NES;HA1:158:NYT;HA1:165:NVT;HA1:246:NST;HA1:285:NGS;HA2:154:NET	3
MT422985	A/Washington/24/2020	2020-03-02	USA	3C.2a1b.2b	E.2	3C.2a1b.2b	HA1:8:NST;HA1:22:NGT;HA1:38:NAT;HA1:45:NSS;HA1:63:NCT;HA1:122:NES;HA1:126:NWT;HA1:133:NGT;HA1:158:NYT;HA1:165:NVT;HA1:246:NST;HA1:285:NGS;HA2:154:NGT	4
MT467072	A/Louisiana/14/2020	2020-02-04	USA	3C.3a1	C.1	3C.3a1	HA1:8:NST;HA1:22:NGT;HA1:38:NAT;HA1:45:NSS;HA1:63:NCT;HA1:122:NES;HA1:133:NGT;HA1:165:NVT;HA1:246:NST;HA1:285:NGS;HA2:154:NGT	4
MT467091	A/Maryland/19/2020	2020-03-09	USA	3C.2a1b.1b	D	3C.2a1b.1b	HA1:8:NST;HA1:22:NGT;HA1:38:NAT;HA1:45:NSS;HA1:63:NCT;HA1:122:NES;HA1:144:NSS;HA1:158:NYT;HA1:165:NVT;HA1:246:NST;HA1:285:NGS;HA2:154:NET	4
MT467156	A/South Dakota/12/2020	2020-03-10	USA	3C.2a1b.1a	B.1.2.1.1	3C.2a1b.1a	HA1:8:NST;HA1:22:NGT;HA1:38:NAT;HA1:45:NSS;HA1:63:NCT;HA1:122:NES;HA1:158:NYT;HA1:165:NVT;HA1:246:NST;HA1:285:NGS;HA2:154:NET	3
MT582250	A/Michigan/157/2020	2020-02-14	USA	3C.2a1b.2b	E.2	3C.2a1b.2b	HA1:8:NST;HA1:22:NGT;HA1:38:NAT;HA1:45:NSS;HA1:63:NCT;HA1:122:NES;HA1:126:NWT;HA1:158:NYT;HA1:165:NVT;HA1:246:NST;HA1:285:NGS;HA2:154:NGT	4
MT659242	A/Iowa/17/2020	2020-02-12	USA	3C.2a1b.1b	D	3C.2a1b.1b	HA1:8:NST;HA1:22:NGT;HA1:38:NAT;HA1:45:NSS;HA1:63:NCT;HA1:122:NES;HA1:144:NSS;HA1:158:NYT;HA1:165:NVT;HA1:246:NST;HA1:285:NGS;HA2:154:NET	4
MT659258	A/Iowa/20/2020	2020-02-22	USA	3C.2a1b.1b	D	3C.2a1b.1b	HA1:8:NST;HA1:22:NGT;HA1:38:NAT;HA1:45:NSS;HA1:63:NCT;HA1:122:NES;HA1:144:NSS;HA1:158:NYT;HA1:165:NVT;HA1:246:NST;HA1:285:NGS;HA2:154:NET	4
MT803253	A/Thailand/CU-B37058/2020	2020-03-13	Thailand	3C.2a1b.1b	D	3C.2a1b.1b	HA1:8:NST;HA1:22:NGT;HA1:38:NAT;HA1:45:NSS;HA1:63:NCT;HA1:122:NES;HA1:158:NYT;HA1:165:NVT;HA1:246:NST;HA1:285:NGS;HA2:154:NET	4
MW024906	A/Hawaii/28/2020	2020-07-01	USA	3C	A	3C	HA1:8:NST;HA1:22:NGT;HA1:38:NAT;HA1:63:NCT;HA1:126:NWT;HA1:165:NVT;HA1:285:NGS;HA2:154:NGT	4
MW024914	A/Hawaii/28/2020	2020-07-01	USA	3C	A	3C	HA1:8:NST;HA1:22:NGT;HA1:38:NAT;HA1:63:NCT;HA1:126:NWT;HA1:165:NVT;HA1:285:NGS;HA2:154:NGT	4
MW464929	A/California/55/2020	2020-10-12	USA	3C.2a1b.2a.1a	F.1	1a	HA1:8:NST;HA1:22:NGT;HA1:38:NAT;HA1:45:NSS;HA1:63:NCT;HA1:122:NES;HA1:126:NWT;HA1:133:NGT;HA1:158:NYT;HA1:165:NVT;HA1:246:NST;HA1:285:NGS;HA2:154:NET	4
MW464937	A/California/55/2020	2020-10-12	USA	3C.2a1b.2a.1a	F.1	1a	HA1:8:NST;HA1:22:NGT;HA1:38:NAT;HA1:45:NSS;HA1:63:NCT;HA1:122:NES;HA1:126:NWT;HA1:133:NGT;HA1:158:NYT;HA1:165:NVT;HA1:246:NST;HA1:285:NGS;HA2:154:NET	4
MW713156	A/Michigan/173/2020	2020-11-19	USA	3C.2a1b.2a.2	G	2	HA1:8:NST;HA1:22:NGT;HA1:38:NAT;HA1:45:NSS;HA1:63:NCT;HA1:122:NES;HA1:126:NWT;HA1:133:NGT;HA1:165:NVT;HA1:246:NST;HA1:285:NGS;HA2:154:NET	1
MW713212	A/California/55/2020	2020-10-12	USA	3C.2a1b.2a.1a	F.1	1a	HA1:8:NST;HA1:22:NGT;HA1:38:NAT;HA1:45:NSS;HA1:63:NCT;HA1:122:NES;HA1:126:NWT;HA1:133:NGT;HA1:158:NYT;HA1:165:NVT;HA1:246:NST;HA1:285:NGS;HA2:154:NET	4
MW796047	A/Michigan/173/2020	2020-11-19	USA	3C.2a1b.2a.2	G	2	HA1:8:NST;HA1:22:NGT;HA1:38:NAT;HA1:45:NSS;HA1:63:NCT;HA1:122:NES;HA1:126:NWT;HA1:133:NGT;HA1:165:NVT;HA1:246:NST;HA1:285:NGS;HA2:154:NET	1
MW796055	A/Wisconsin/02/2021	2021-01-23	USA	3C.2a1b.2a.2d	G.4	2d	HA1:8:NST;HA1:22:NGT;HA1:38:NAT;HA1:45:NSS;HA1:63:NCT;HA1:122:NES;HA1:126:NWT;HA1:133:NGT;HA1:165:NVT;HA1:246:NST;HA1:285:NGS;HA2:154:NET	1
MW796063	A/Wisconsin/02/2021	2021-01-23	USA	3C.2a1b.2a.2d	G.4	2d	HA1:8:NST;HA1:22:NGT;HA1:38:NAT;HA1:45:NSS;HA1:63:NCT;HA1:122:NES;HA1:126:NWT;HA1:133:NGT;HA1:165:NVT;HA1:246:NST;HA1:285:NGS;HA2:154:NET	1
MW855316	A/Human/New York City/PV07994/2020	2020-03-03	USA	3C.2a1b.1a	B.1.2.1.1	3C.2a1b.1a	HA1:8:NST;HA1:22:NGT;HA1:38:NAT;HA1:45:NSS;HA1:63:NCT;HA1:122:NES;HA1:158:NYT;HA1:165:NVT;HA1:246:NST;HA1:285:NGS;HA2:154:NET	3
MW855448	A/Human/New York City/PV11474/2020	2020-10-04	USA	3C.2a1b.1a	B.1.2.1.1	3C.2a1b.1a	HA1:8:NST;HA1:22:NGT;HA1:38:NAT;HA1:45:NSS;HA1:63:NCT;HA1:122:NES;HA1:158:NYT;HA1:165:NVT;HA1:246:NST;HA1:285:NGS;HA2:154:NET	3
MZ046764	A/California/55/2020	2020-10-12	USA	3C.2a1b.2a.1a	F.1	1a	HA1:8:NST;HA1:22:NGT;HA1:38:NAT;HA1:45:NSS;HA1:63:NCT;HA1:122:NES;HA1:126:NWT;HA1:133:NGT;HA1:158:NYT;HA1:165:NVT;HA1:246:NST;HA1:285:NGS;HA2:154:NET	4
MZ556045	A/Delaware/01/2021	2021-04-16	USA	3C.2a1b.2a.2a	G.1	2a	HA1:8:NST;HA1:22:NGT;HA1:38:NAT;HA1:45:NSS;HA1:63:NCT;HA1:122:NES;HA1:126:NWT;HA1:133:NGT;HA1:165:NVT;HA1:246:NST;HA1:285:NGS;HA2:154:NET	-0
MZ556053	A/Delaware/01/2021	2021-04-16	USA	3C.2a1b.2a.2a	G.1	2a	HA1:8:NST;HA1:22:NGT;HA1:38:NAT;HA1:45:NSS;HA1:63:NCT;HA1:122:NES;HA1:126:NWT;HA1:133:NGT;HA1:165:NVT;HA1:246:NST;HA1:285:NGS;HA2:154:NET	-0
MZ556058	A/Pennsylvania/01/2021	2021-03-19	USA	3C.2a1b.2a.2c	G.3	2c	HA1:8:NST;HA1:22:NGT;HA1:38:NAT;HA1:45:NSS;HA1:63:NCT;HA1:122:NES;HA1:126:NWT;HA1:133:NGT;HA1:165:NVT;HA1:246:NST;HA1:285:NGS;HA2:154:NET	1
MZ556066	A/Pennsylvania/01/2021	2021-03-19	USA	3C.2a1b.2a.2c	G.3	2c	HA1:8:NST;HA1:22:NGT;HA1:38:NAT;HA1:45:NSS;HA1:63:NCT;HA1:122:NES;HA1:126:NWT;HA1:133:NGT;HA1:165:NVT;HA1:246:NST;HA1:285:NGS;HA2:154:NET	1
OK324067	A/Michigan/01/2021	2021-07-11	USA	3C.2a1b.2a.2a.1	G.1.1	2a.1	HA1:8:NST;HA1:22:NGT;HA1:38:NAT;HA1:45:NSS;HA1:63:NCT;HA1:122:NES;HA1:126:NWT;HA1:133:NGT;HA1:165:NVT;HA1:246:NST;HA1:285:NGS;HA2:154:NET	-0
OK324083	A/Michigan/02/2021	2021-07-14	USA	3C.2a1b.2a.2	G	2	HA1:8:NST;HA1:22:NGT;HA1:38:NAT;HA1:45:NSS;HA1:63:NCT;HA1:122:NES;HA1:126:NWT;HA1:133:NGT;HA1:165:NVT;HA1:246:NST;HA1:285:NGS;HA2:154:NET	1
OK324091	A/Michigan/02/2021	2021-07-14	USA	3C.2a1b.2a.2	G	2	HA1:8:NST;HA1:22:NGT;HA1:38:NAT;HA1:45:NSS;HA1:63:NCT;HA1:122:NES;HA1:126:NWT;HA1:133:NGT;HA1:165:NVT;HA1:246:NST;HA1:285:NGS;HA2:154:NET	1
OK324102	A/Minnesota/02/2021	2021-06-17	USA	3C.2a1b.2a.2c	G.3	2c	HA1:8:NST;HA1:22:NGT;HA1:38:NAT;HA1:45:NSS;HA1:63:NCT;HA1:122:NES;HA1:126:NWT;HA1:133:NGT;HA1:165:NVT;HA1:246:NST;HA1:285:NGS;HA2:154:NET	1
OK484404	A/Texas/01/2021	2021-08-04	USA	3C.2a1b.2a.2	G	2	HA1:8:NST;HA1:22:NGT;HA1:38:NAT;HA1:45:NSS;HA1:63:NCT;HA1:122:NES;HA1:126:NWT;HA1:133:NGT;HA1:165:NVT;HA1:246:NST;HA1:285:NGS;HA2:154:NET	1
OK484412	A/Texas/01/2021	2021-08-04	USA	3C.2a1b.2a.2	G	2	HA1:8:NST;HA1:22:NGT;HA1:38:NAT;HA1:45:NSS;HA1:63:NCT;HA1:122:NES;HA1:126:NWT;HA1:133:NGT;HA1:165:NVT;HA1:246:NST;HA1:285:NGS;HA2:154:NET	1
OK484420	A/Texas/02/2021	2021-08-05	USA	3C.2a1b.2a.2	G	2	HA1:8:NST;HA1:22:NGT;HA1:38:NAT;HA1:45:NSS;HA1:63:NCT;HA1:122:NES;HA1:126:NWT;HA1:133:NGT;HA1:165:NVT;HA1:246:NST;HA1:285:NGS;HA2:154:NET	1
OM405234	A/California/05/2021	2021-10-21	USA	3C.2a1b.2a.2a.3	G.1.3	2a.3	HA1:8:NST;HA1:22:NGT;HA1:38:NAT;HA1:45:NSS;HA1:63:NCT;HA1:94:NSS;HA1:122:NES;HA1:126:NWT;HA1:133:NGT;HA1:165:NVT;HA1:246:NST;HA1:285:NGS;HA2:154:NET	-0
OM405285	A/Delaware/01/2021	2021-04-16	USA	3C.2a1b.2a.2a	G.1	2a	HA1:8:NST;HA1:22:NGT;HA1:38:NAT;HA1:45:NSS;HA1:63:NCT;HA1:122:NES;HA1:126:NWT;HA1:133:NGT;HA1:165:NVT;HA1:246:NST;HA1:285:NGS;HA2:154:NET	-0
OM405501	A/Maryland/12267/2021	2021-09-30	USA	3C.2a1b.2a.2a.1a	G.1.1.1	2a.1a	HA1:8:NST;HA1:22:NGT;HA1:38:NAT;HA1:45:NSS;HA1:63:NCT;HA1:122:NES;HA1:126:NWT;HA1:133:NGT;HA1:165:NVT;HA1:246:NST;HA1:285:NGS;HA2:154:NET	1
OM405730	A/New York/02/2021	2021-07-17	USA	3C.2a1b.2a.2c	G.3	2c	HA1:8:NST;HA1:22:NGT;HA1:38:NAT;HA1:45:NSS;HA1:63:NCT;HA1:122:NES;HA1:126:NWT;HA1:133:NGT;HA1:165:NVT;HA1:246:NST;HA1:285:NGS;HA2:154:NET	1
OM405738	A/New York/02/2021	2021-07-17	USA	3C.2a1b.2a.2c	G.3	2c	HA1:8:NST;HA1:22:NGT;HA1:38:NAT;HA1:45:NSS;HA1:63:NCT;HA1:122:NES;HA1:126:NWT;HA1:133:NGT;HA1:165:NVT;HA1:246:NST;HA1:285:NGS;HA2:154:NET	1
OM405813	A/Pennsylvania/01/2021	2021-03-19	USA	3C.2a1b.2a.2c	G.3	2c	HA1:8:NST;HA1:22:NGT;HA1:38:NAT;HA1:45:NSS;HA1:63:NCT;HA1:122:NES;HA1:126:NWT;HA1:133:NGT;HA1:165:NVT;HA1:246:NST;HA1:285:NGS;HA2:154:NET	1
OM405821	A/Pennsylvania/01/2021	2021-03-19	USA	3C.2a1b.2a.2c	G.3	2c	HA1:8:NST;HA1:22:NGT;HA1:38:NAT;HA1:45:NSS;HA1:63:NCT;HA1:122:NES;HA1:126:NWT;HA1:133:NGT;HA1:165:NVT;HA1:285:NGS;HA2:154:NET	1
OM715402	A/Illinois/02/2021	2021-11-18	USA	3C.2a1b.2a.2a.1a	G.1.1.1	2a.1a	HA1:8:NST;HA1:22:NGT;HA1:38:NAT;HA1:45:NSS;HA1:63:NCT;HA1:122:NES;HA1:126:NWT;HA1:133:NGT;HA1:165:NVT;HA1:246:NST;HA1:285:NGS;HA2:154:NET	1
OM715834	A/Rhode Island/07/2021	2021-11-16	USA	3C.2a1b.2a.2a.1a	G.1.1.1	2a.1a	HA1:8:NST;HA1:22:NGT;HA1:38:NAT;HA1:45:NSS;HA1:63:NCT;HA1:122:NES;HA1:126:NWT;HA1:133:NGT;HA1:165:NVT;HA1:246:NST;HA1:285:NGS;HA2:154:NET	1
OM731280	A/Rhode Island/11/2021	2021-12-02	USA	3C.2a1b.2a.2a.1a	G.1.1.1	2a.1a	HA1:8:NST;HA1:22:NGT;HA1:38:NAT;HA1:45:NSS;HA1:63:NCT;HA1:122:NES;HA1:126:NWT;HA1:133:NGT;HA1:165:NVT;HA1:246:NST;HA1:285:NGS;HA2:154:NET	1
ON370023	A/Arizona/11/2022	2022-02-20	USA	3C.2a1b.2a.2a.1a	G.1.1.1	2a.1a	HA1:8:NST;HA1:22:NGT;HA1:38:NAT;HA1:45:NSS;HA1:63:NCT;HA1:122:NES;HA1:126:NWT;HA1:133:NGT;HA1:165:NVT;HA1:246:NST;HA1:285:NGS;HA2:154:NET	1
ON371374	A/Missouri/09/2022	2022-02-08	USA	3C.2a1b.2a.2a.1a	G.1.1.1	2a.1a	HA1:8:NST;HA1:22:NGT;HA1:38:NAT;HA1:45:NSS;HA1:63:NCT;HA1:122:NES;HA1:126:NWT;HA1:133:NGT;HA1:165:NVT;HA1:246:NST;HA1:285:NGS;HA2:154:NET	1
ON531335	A/Human/New York City/PV34636/2021	2021-09-05	USA	3C.2a1b.2a.2	G	2	HA1:8:NST;HA1:22:NGT;HA1:38:NAT;HA1:45:NSS;HA1:63:NCT;HA1:122:NES;HA1:126:NWT;HA1:133:NGT;HA1:165:NVT;HA1:246:NST;HA1:285:NGS;HA2:154:NET	1
ON533174	A/Human/New York City/PV42611/2021	2021-12-13	USA	3C.2a1b.2a.2a.1a	G.1.1.1	2a.1a	HA1:8:NST;HA1:22:NGT;HA1:38:NAT;HA1:45:NSS;HA1:63:NCT;HA1:122:NES;HA1:126:NWT;HA1:133:NGT;HA1:165:NVT;HA1:246:NST;HA1:285:NGS;HA2:154:NET	1
ON563827	A/Pennsylvania/HUPB210019/2021	2021-12-16	USA	3C.2a1b.2a.2a.1a	G.1.1.1	2a.1a	HA1:8:NST;HA1:22:NGT;HA1:38:NAT;HA1:45:NSS;HA1:63:NCT;HA1:126:NWT;HA1:133:NGT;HA1:165:NVT;HA1:246:NST;HA1:285:NGS;HA2:154:NET	1
ON904990	A/Rhode Island/17/2022	2022-03-21	USA	3C.2a1b.2a.2a.1a	G.1.1.1	2a.1a	HA1:8:NST;HA1:22:NGT;HA1:38:NAT;HA1:45:NSS;HA1:63:NCT;HA1:122:NES;HA1:126:NWT;HA1:133:NGT;HA1:165:NVT;HA1:246:NST;HA1:285:NGS;HA2:154:NET	1
OP011208	A/Connecticut/21/2022	2022-05-15	USA	3C.2a1b.2a.2a	G.1	2a	HA1:8:NST;HA1:22:NGT;HA1:38:NAT;HA1:45:NSS;HA1:63:NCT;HA1:122:NES;HA1:126:NWT;HA1:133:NGT;HA1:165:NVT;HA1:246:NST;HA1:285:NGS;HA2:154:NET	-0
OP012324	A/Washington/08/2022	2022-02-17	USA	3C.2a1b.2a.2a.1a	G.1.1.1	2a.1a	HA1:8:NST;HA1:22:NGT;HA1:38:NAT;HA1:45:NSS;HA1:63:NCT;HA1:122:NES;HA1:126:NWT;HA1:133:NGT;HA1:165:NVT;HA1:246:NST;HA1:285:NGS;HA2:154:NET	1
OP071359	A/Maryland/12238/2021	2021-09-27	USA	3C.2a1b.2a.2a.1a	G.1.1.1	2a.1a	HA1:8:NST;HA1:22:NGT;HA1:38:NAT;HA1:45:NSS;HA1:63:NCT;HA1:122:NES;HA1:126:NWT;HA1:133:NGT;HA1:165:NVT;HA1:246:NST;HA1:285:NGS;HA2:154:NET	1
OP071375	A/Maryland/12241/2021	2021-09-27	USA	3C.2a1b.2a.2a.1a	G.1.1.1	2a.1a	HA1:8:NST;HA1:22:NGT;HA1:38:NAT;HA1:45:NSS;HA1:63:NCT;HA1:122:NES;HA1:126:NWT;HA1:133:NGT;HA1:165:NVT;HA1:246:NST;HA1:285:NGS;HA2:154:NET	1
OP071629	A/Maryland/12270/2021	2021-09-30	USA	3C.2a1b.2a.2a.1a	G.1.1.1	2a.1a	HA1:8:NST;HA1:22:NGT;HA1:38:NAT;HA1:45:NSS;HA1:63:NCT;HA1:122:NES;HA1:126:NWT;HA1:133:NGT;HA1:165:NVT;HA1:246:NST;HA1:285:NGS;HA2:154:NET	1
OP072029	A/Maryland/12322/2021	2021-10-07	USA	3C.2a1b.2a.2a.1a	G.1.1.1	2a.1a	HA1:8:NST;HA1:22:NGT;HA1:38:NAT;HA1:45:NSS;HA1:63:NCT;HA1:122:NES;HA1:126:NWT;HA1:133:NGT;HA1:165:NVT;HA1:246:NST;HA1:285:NGS;HA2:154:NET	1
OP085140	A/Maryland/12458/2021	2021-10-21	USA	3C.2a1b.2a.2a.1a	G.1.1.1	2a.1a	HA1:8:NST;HA1:22:NGT;HA1:38:NAT;HA1:45:NSS;HA1:63:NCT;HA1:122:NES;HA1:126:NWT;HA1:133:NGT;HA1:165:NVT;HA1:246:NST;HA1:285:NGS;HA2:154:NET	1
OP086256	A/North Dakota/12606/2022	2022-01-10	USA	3C.2a1b.2a.2a.1a	G.1.1.1	2a.1a	HA1:8:NST;HA1:22:NGT;HA1:38:NAT;HA1:45:NSS;HA1:63:NCT;HA1:122:NES;HA1:126:NWT;HA1:133:NGT;HA1:165:NVT;HA1:246:NST;HA1:285:NGS;HA2:154:NET	1
OP086911	A/Maryland/12379/2021	2021-10-13	USA	3C.2a1b.2a.2a.1a	G.1.1.1	2a.1a	HA1:8:NST;HA1:22:NGT;HA1:38:NAT;HA1:45:NSS;HA1:63:NCT;HA1:122:NES;HA1:126:NWT;HA1:133:NGT;HA1:165:NVT;HA1:246:NST;HA1:285:NGS;HA2:154:NET	1
OP086983	A/Maryland/12390/2021	2021-10-13	USA	3C.2a1b.2a.2a.1a	G.1.1.1	2a.1a	HA1:8:NST;HA1:22:NGT;HA1:38:NAT;HA1:45:NSS;HA1:63:NCT;HA1:122:NES;HA1:126:NWT;HA1:133:NGT;HA1:165:NVT;HA1:246:NST;HA1:285:NGS;HA2:154:NET	1
OP096469	A/Maryland/12784/2022	2022-04-07	USA	3C.2a1b.2a.2a.1a	G.1.1.1	2a.1a	HA1:8:NST;HA1:22:NGT;HA1:38:NAT;HA1:45:NSS;HA1:63:NCT;HA1:122:NES;HA1:126:NWT;HA1:133:NGT;HA1:165:NVT;HA1:246:NST;HA1:285:NGS;HA2:154:NET	1
OP105739	A/Texas/12696/2022	2022-03-07	USA	3C.2a1b.2a.2a.1a	G.1.1.1	2a.1a	HA1:8:NST;HA1:22:NGT;HA1:38:NAT;HA1:45:NSS;HA1:63:NCT;HA1:122:NES;HA1:126:NWT;HA1:133:NGT;HA1:165:NVT;HA1:246:NST;HA1:285:NGS;HA2:154:NET	1
OP106301	A/Texas/12659/2022	2022-01-02	USA	3C.2a1b.2a.2c	G.3	2c	HA1:8:NST;HA1:22:NGT;HA1:38:NAT;HA1:45:NSS;HA1:63:NCT;HA1:122:NES;HA1:126:NWT;HA1:133:NGT;HA1:165:NVT;HA1:246:NST;HA1:285:NGS;HA2:154:NET	1
OP211506	A/Florida/27/2022	2022-04-14	USA	3C.2a1b.2a.2a.1a	G.1.1.1	2a.1a	HA1:8:NST;HA1:22:NGT;HA1:38:NAT;HA1:45:NSS;HA1:63:NCT;HA1:122:NES;HA1:126:NWT;HA1:133:NGT;HA1:165:NVT;HA1:246:NST;HA1:285:NGS;HA2:154:NET	1
OP212573	A/Florida/42/2022	2022-04-13	USA	3C.2a1b.2a.2a.1	G.1.1	2a.1	HA1:8:NST;HA1:22:NGT;HA1:38:NAT;HA1:45:NSS;HA1:63:NCT;HA1:122:NES;HA1:126:NWT;HA1:133:NGT;HA1:165:NVT;HA1:246:NST;HA1:285:NGS;HA2:154:NET	-0
OP213866	A/Nevada/27/2022	2022-06-06	USA	3C.2a1b.2a.2a.3	G.1.3	2a.3	HA1:8:NST;HA1:22:NGT;HA1:38:NAT;HA1:45:NSS;HA1:63:NCT;HA1:94:NSS;HA1:122:NES;HA1:126:NWT;HA1:133:NGT;HA1:165:NVT;HA1:246:NST;HA1:285:NGS;HA2:154:NET	-0
OP512190	A/Michigan/11/2022	2022-02-24	USA	3C.2a1b.2a.2a.1a	G.1.1.1	2a.1a	HA1:8:NST;HA1:22:NGT;HA1:38:NAT;HA1:45:NSS;HA1:63:NCT;HA1:122:NES;HA1:126:NWT;HA1:133:NGT;HA1:165:NVT;HA1:246:NST;HA1:285:NGS;HA2:154:NET	1
OP512214	A/Minnesota/14/2022	2022-03-04	USA	3C.2a1b.2a.2a.1a	G.1.1.1	2a.1a	HA1:8:NST;HA1:22:NGT;HA1:38:NAT;HA1:45:NSS;HA1:63:NCT;HA1:122:NES;HA1:126:NWT;HA1:133:NGT;HA1:165:NVT;HA1:246:NST;HA1:285:NGS;HA2:154:NET	1
OP536171	A/Saudi Arabia/VRG-42/2020	2020-12-09	Saudi Arabia	3C.2a1b.1b	D	3C.2a1b.1b	HA1:8:NST;HA1:22:NGT;HA1:38:NAT;HA1:45:NSS;HA1:63:NCT;HA1:122:NES;HA1:158:NYT;HA1:165:NVT;HA1:246:NST;HA1:285:NGS;HA2:154:NET	4
OP536200	A/Saudi Arabia/VRG-46/2020	2020-12-10	Saudi Arabia	3C.2a1b.1	B.1.2.1	3C.2a1b.1	HA1:8:NST;HA1:22:NGT;HA1:38:NAT;HA1:45:NSS;HA1:63:NCT;HA1:122:NES;HA1:158:NYT;HA1:165:NVT;HA1:246:NST;HA1:285:NGS;HA2:154:NET	4
OP536201	A/Saudi Arabia/VRG-48/2020	2020-12-09	Saudi Arabia	3C.2a1b.1b	D	3C.2a1b.1b	HA1:8:NST;HA1:22:NGT;HA1:38:NAT;HA1:45:NSS;HA1:63:NCT;HA1:122:NES;HA1:158:NYT;HA1:165:NVT;HA1:246:NST;HA1:285:NGS;HA2:154:NET	4
OP536205	A/Saudi Arabia/VRG-49/2020	2020-12-12	Saudi Arabia	3C.2a1b.1	B.1.2.1	3C.2a1b.1	HA1:8:NST;HA1:22:NGT;HA1:38:NAT;HA1:45:NSS;HA1:63:NCT;HA1:122:NES;HA1:158:NYT;HA1:165:NVT;HA1:246:NST;HA1:285:NGS;HA2:154:NET	4
OP536209	A/Saudi Arabia/VRG-57/2020	2020-12-13	Saudi Arabia	3C.2a1b.1	B.1.2.1	3C.2a1b.1	HA1:8:NST;HA1:22:NGT;HA1:38:NAT;HA1:45:NSS;HA1:63:NCT;HA1:122:NES;HA1:158:NYT;HA1:165:NVT;HA1:246:NST;HA1:285:NGS;HA2:154:NET	4
OP590357	A/Michigan/UOM10045429847/2022	2022-05-09	USA	3C.2a1b.2a.2b	G.2	2b	HA1:8:NST;HA1:22:NGT;HA1:38:NAT;HA1:45:NSS;HA1:63:NCT;HA1:122:NES;HA1:126:NWT;HA1:133:NGT;HA1:165:NVT;HA1:246:NST;HA1:285:NGS;HA2:154:NET	1
OP590733	A/Michigan/UOM10045410727/2022	2022-05-08	USA	3C.2a1b.2a.2b	G.2	2b	HA1:8:NST;HA1:22:NGT;HA1:38:NAT;HA1:45:NSS;HA1:63:NCT;HA1:122:NES;HA1:126:NWT;HA1:133:NGT;HA1:165:NVT;HA1:246:NST;HA1:285:NGS;HA2:154:NET	1
OP623646	A/Georgia/02/2022	2022-08-03	USA	3C.2a1b.2a.2b	G.2	2b	HA1:8:NST;HA1:22:NGT;HA1:38:NAT;HA1:45:NSS;HA1:63:NCT;HA1:122:NES;HA1:126:NWT;HA1:133:NGT;HA1:165:NVT;HA1:246:NST;HA1:285:NGS;HA2:154:NET	1
OP623758	A/Washington/43/2022	2022-08-10	USA	3C.2a1b.2a.2a.3	G.1.3	2a.3	HA1:8:NST;HA1:22:NGT;HA1:38:NAT;HA1:45:NSS;HA1:63:NCT;HA1:94:NSS;HA1:122:NES;HA1:126:NWT;HA1:133:NGT;HA1:165:NVT;HA1:246:NST;HA1:285:NGS;HA2:154:NET	-0
OP687515	A/Massachusetts/03/2021	2021-11-03	USA	3C.2a1b.2a.2a.1a	G.1.1.1	2a.1a	HA1:8:NST;HA1:22:NGT;HA1:38:NAT;HA1:45:NSS;HA1:63:NCT;HA1:122:NES;HA1:126:NWT;HA1:133:NGT;HA1:165:NVT;HA1:246:NST;HA1:285:NGS;HA2:154:NET	1
OP695628	A/Rhode Island/18/2022	2022-03-23	USA	3C.2a1b.2a.2a.3b	G.1.3.2	2a.3b	HA1:8:NST;HA1:22:NGT;HA1:38:NAT;HA1:45:NSS;HA1:63:NCT;HA1:94:NSS;HA1:122:NES;HA1:126:NWT;HA1:133:NGT;HA1:165:NVT;HA1:246:NST;HA1:285:NGS;HA2:154:NET	-0
OP696397	A/Ohio/08/2021	2021-11-23	USA	3C.2a1b.2a.2a.1a	G.1.1.1	2a.1a	HA1:8:NST;HA1:22:NGT;HA1:38:NAT;HA1:45:NSS;HA1:63:NCT;HA1:122:NES;HA1:126:NWT;HA1:133:NGT;HA1:165:NVT;HA1:246:NST;HA1:285:NGS;HA2:154:NET	1
OP706490	A/Wisconsin/20/2021	2021-12-18	USA	3C.2a1b.2a.2a.1a	G.1.1.1	2a.1a	HA1:8:NST;HA1:22:NGT;HA1:38:NAT;HA1:45:NSS;HA1:63:NCT;HA1:122:NES;HA1:126:NWT;HA1:133:NGT;HA1:165:NVT;HA1:246:NST;HA1:285:NGS;HA2:154:NET	1
OP774627	A/Human/New York City/PV42769/2022	2022-04-03	USA	3C.2a1b.2a.2a.1	G.1.1	2a.1	HA1:8:NST;HA1:22:NGT;HA1:38:NAT;HA1:45:NSS;HA1:63:NCT;HA1:122:NES;HA1:126:NWT;HA1:133:NGT;HA1:165:NVT;HA1:246:NST;HA1:285:NGS;HA2:154:NET	-0
OP774765	A/Human/New York City/PV60782/2022	2022-05-18	USA	3C.2a1b.2a.2a.3a	G.1.3.1	2a.3a	HA1:8:NST;HA1:22:NGT;HA1:38:NAT;HA1:45:NSS;HA1:63:NCT;HA1:94:NSS;HA1:122:NES;HA1:126:NWT;HA1:133:NGT;HA1:165:NVT;HA1:246:NST;HA1:285:NGS;HA2:154:NET	-0
OP775605	A/Human/New York City/PV60650/2022	2022-04-14	USA	3C.2a1b.2a.2a.3	G.1.3	2a.3	HA1:8:NST;HA1:22:NGT;HA1:38:NAT;HA1:45:NSS;HA1:63:NCT;HA1:94:NSS;HA1:122:NES;HA1:126:NWT;HA1:133:NGT;HA1:165:NVT;HA1:246:NST;HA1:285:NGS;HA2:154:NET	-0
OP775906	A/Human/New York City/PV42777/2022	2022-03-30	USA	3C.2a1b.2a.2a.1	G.1.1	2a.1	HA1:8:NST;HA1:22:NGT;HA1:38:NAT;HA1:45:NSS;HA1:63:NCT;HA1:122:NES;HA1:126:NWT;HA1:133:NGT;HA1:165:NVT;HA1:246:NST;HA1:285:NGS;HA2:154:NET	-0
OP838508	A/Michigan/173/2020	2020-11-19	USA	3C.2a1b.2a.2	G	2	HA1:8:NST;HA1:22:NGT;HA1:38:NAT;HA1:45:NSS;HA1:63:NCT;HA1:122:NES;HA1:126:NWT;HA1:133:NGT;HA1:165:NVT;HA1:246:NST;HA1:285:NGS;HA2:154:NET	1
OP839969	A/Alaska/22/2022	2022-06-14	USA	3C.2a1b.2a.2a.1a	G.1.1.1	2a.1a	HA1:8:NST;HA1:22:NGT;HA1:38:NAT;HA1:45:NSS;HA1:63:NCT;HA1:122:NES;HA1:126:NWT;HA1:133:NGT;HA1:165:NVT;HA1:246:NST;HA1:285:NGS;HA2:154:NET	1
OP840047	A/Arizona/03/2022	2022-01-13	USA	3C.2a1b.2a.2c	G.3	2c	HA1:8:NST;HA1:22:NGT;HA1:38:NAT;HA1:45:NSS;HA1:63:NCT;HA1:122:NES;HA1:126:NWT;HA1:133:NGT;HA1:165:NVT;HA1:246:NST;HA1:285:NGS;HA2:154:NET	1
OP840159	A/Arizona/36/2022	2022-06-17	USA	3C.2a1b.2a.2a.3b	G.1.3.2	2a.3b	HA1:8:NST;HA1:22:NGT;HA1:38:NAT;HA1:45:NSS;HA1:63:NCT;HA1:94:NSS;HA1:122:NES;HA1:126:NWT;HA1:133:NGT;HA1:165:NVT;HA1:285:NGS;HA2:154:NET	-0
OP841182	A/Delaware/04/2022	2022-01-18	USA	3C.2a1b.2a.2a.1a	G.1.1.1	2a.1a	HA1:8:NST;HA1:22:NGT;HA1:38:NAT;HA1:45:NSS;HA1:63:NCT;HA1:122:NES;HA1:126:NWT;HA1:133:NGT;HA1:165:NVT;HA1:246:NST;HA1:285:NGS;HA2:154:NET	1
OP841802	A/Hawaii/28/2022	2022-07-24	USA	3C.2a1b.2a.2a	G.1	2a	HA1:8:NST;HA1:22:NGT;HA1:38:NAT;HA1:45:NSS;HA1:63:NCT;HA1:122:NES;HA1:126:NWT;HA1:133:NGT;HA1:165:NVT;HA1:246:NST;HA1:285:NGS;HA2:154:NET	-0
OP843589	A/New Jersey/27/2022	2022-06-21	USA	3C.2a1b.2a.2a.3	G.1.3	2a.3	HA1:8:NST;HA1:22:NGT;HA1:38:NAT;HA1:45:NSS;HA1:63:NCT;HA1:94:NSS;HA1:122:NES;HA1:126:NWT;HA1:133:NGT;HA1:165:NVT;HA1:246:NST;HA1:285:NGS;HA2:154:NET	-0
OP843653	A/New Mexico/01/2021	2021-11-30	USA	3C.2a1b.2a.2a.1a	G.1.1.1	2a.1a	HA1:8:NST;HA1:22:NGT;HA1:38:NAT;HA1:45:NSS;HA1:63:NCT;HA1:122:NES;HA1:126:NWT;HA1:133:NGT;HA1:165:NVT;HA1:246:NST;HA1:285:NGS;HA2:154:NET	1
OP844028	A/Ohio/27/2022	2022-07-11	USA	3C.2a1b.2a.2b	G.2	2b	HA1:8:NST;HA1:22:NGT;HA1:38:NAT;HA1:45:NSS;HA1:63:NCT;HA1:122:NES;HA1:126:NWT;HA1:133:NGT;HA1:165:NVT;HA1:246:NST;HA1:285:NGS;HA2:154:NET	1
OP844218	A/Pennsylvania/02/2022	2022-01-04	USA	3C.2a1b.2a.2a.1a	G.1.1.1	2a.1a	HA1:8:NST;HA1:22:NGT;HA1:38:NAT;HA1:45:NSS;HA1:63:NCT;HA1:122:NES;HA1:126:NWT;HA1:133:NGT;HA1:165:NVT;HA1:246:NST;HA1:285:NGS;HA2:154:NET	1
OP844530	A/Pennsylvania/45/2022	2022-07-12	USA	3C.2a1b.2a.2b	G.2	2b	HA1:8:NST;HA1:22:NGT;HA1:38:NAT;HA1:45:NSS;HA1:63:NCT;HA1:122:NES;HA1:126:NWT;HA1:133:NGT;HA1:165:NVT;HA1:246:NST;HA1:285:NGS;HA2:154:NET	1
OP845088	A/Texas/74/2022	2022-07-05	USA	3C.2a1b.2a.2a	G.1	2a	HA1:8:NST;HA1:22:NGT;HA1:38:NAT;HA1:45:NSS;HA1:63:NCT;HA1:122:NES;HA1:126:NWT;HA1:133:NGT;HA1:165:NVT;HA1:246:NST;HA1:285:NGS;HA2:154:NET	-0
OP845501	A/Washington/32/2022	2022-06-16	USA	3C.2a1b.2a.2a.1a	G.1.1.1	2a.1a	HA1:8:NST;HA1:22:NGT;HA1:38:NAT;HA1:45:NSS;HA1:63:NCT;HA1:122:NES;HA1:126:NWT;HA1:133:NGT;HA1:165:NVT;HA1:246:NST;HA1:285:NGS;HA2:154:NET	1
OP845579	A/Washington/37/2022	2022-07-16	USA	3C.2a1b.2a.2a	G.1	2a	HA1:8:NST;HA1:22:NGT;HA1:38:NAT;HA1:45:NSS;HA1:63:NCT;HA1:122:NES;HA1:126:NWT;HA1:133:NGT;HA1:165:NVT;HA1:246:NST;HA1:285:NGS;HA2:154:NET	-0
OP912797	A/Rheinland-Pfalz/13415/2022	2022-08-09	Germany	3C.2a1b.2a.2a.1	G.1.1	2a.1	HA1:8:NST;HA1:22:NGT;HA1:38:NAT;HA1:45:NSS;HA1:63:NCT;HA1:122:NES;HA1:126:NWT;HA1:133:NGT;HA1:165:NVT;HA1:246:NST;HA1:285:NGS;HA2:154:NET	-0
OP938821	A/Alaska/USAFSAM-13445/2022	2022-05-18	USA	3C.2a1b.2a.2a.1a	G.1.1.1	2a.1a	HA1:8:NST;HA1:22:NGT;HA1:38:NAT;HA1:45:NSS;HA1:63:NCT;HA1:122:NES;HA1:126:NWT;HA1:133:NGT;HA1:165:NVT;HA1:246:NST;HA1:285:NGS;HA2:154:NET	1
OP952684	A/Michigan/UOM10043008206/2021	2021-12-06	USA	3C.2a1b.2a.2a.1a	G.1.1.1	2a.1a	HA1:8:NST;HA1:22:NGT;HA1:38:NAT;HA1:45:NSS;HA1:63:NCT;HA1:122:NES;HA1:126:NWT;HA1:133:NGT;HA1:165:NVT;HA1:246:NST;HA1:285:NGS;HA2:154:NET	1
OP960157	A/Michigan/UOM10044219778/2022	2022-02-23	USA	3C.2a1b.2a.2a.1a	G.1.1.1	2a.1a	HA1:8:NST;HA1:22:NGT;HA1:38:NAT;HA1:45:NSS;HA1:63:NCT;HA1:122:NES;HA1:126:NWT;HA1:133:NGT;HA1:165:NVT;HA1:246:NST;HA1:285:NGS;HA2:154:NET	1
OQ202503	A/California/123/2022	2022-09-08	USA	3C.2a1b.2a.2a.3a.1	J	2a.3a.1	HA1:8:NST;HA1:22:NGT;HA1:38:NAT;HA1:45:NSS;HA1:63:NCT;HA1:94:NSS;HA1:122:NES;HA1:126:NWT;HA1:133:NGT;HA1:165:NVT;HA1:246:NST;HA1:285:NGS;HA2:154:NET	-0
OQ202607	A/Hawaii/32/2022	2022-08-16	USA	3C.2a1b.2a.2a.1	G.1.1	2a.1	HA1:8:NST;HA1:22:NGT;HA1:38:NAT;HA1:45:NSS;HA1:63:NCT;HA1:122:NES;HA1:126:NWT;HA1:133:NGT;HA1:165:NVT;HA1:246:NST;HA1:285:NGS;HA2:154:NET	-0
OQ202623	A/Hawaii/33/2022	2022-08-23	USA	3C.2a1b.2a.2a	G.1	2a	HA1:8:NST;HA1:22:NGT;HA1:38:NAT;HA1:45:NSS;HA1:63:NCT;HA1:122:NES;HA1:126:NWT;HA1:133:NGT;HA1:165:NVT;HA1:246:NST;HA1:285:NGS;HA2:154:NET	-0
OQ233153	A/Georgia/32/2022	2022-10-24	USA	3C.2a1b.2a.2a.3a.1	J.1	2a.3a.1	HA1:8:NST;HA1:22:NGT;HA1:38:NAT;HA1:45:NSS;HA1:63:NCT;HA1:94:NSS;HA1:122:NES;HA1:126:NWT;HA1:133:NGT;HA1:165:NVT;HA1:246:NST;HA1:285:NGS;HA2:154:NET	-0
OQ234077	A/New Mexico/21/2022	2022-10-21	USA	3C.2a1b.2a.2b	G.2	2b	HA1:8:NST;HA1:22:NGT;HA1:38:NAT;HA1:45:NSS;HA1:63:NCT;HA1:122:NES;HA1:126:NWT;HA1:133:NGT;HA1:165:NVT;HA1:246:NST;HA1:285:NGS;HA2:154:NET	1
OQ234181	A/North Dakota/13/2022	2022-10-27	USA	3C.2a1b.2a.2b	G.2	2b	HA1:8:NGT;HA1:22:NGT;HA1:38:NAT;HA1:45:NSS;HA1:63:NCT;HA1:122:NES;HA1:126:NWT;HA1:133:NGT;HA1:165:NVT;HA1:246:NST;HA1:285:NGS;HA2:154:NET	1
OQ240521	A/Rheinland-Pfalz/USAFSAM-13486/2022	2022-09-30	Germany	3C.2a1b.2a.2b	G.2.1	2b	HA1:8:NST;HA1:22:NGT;HA1:38:NAT;HA1:45:NSS;HA1:63:NCT;HA1:122:NES;HA1:126:NWT;HA1:165:NVT;HA1:246:NST;HA1:285:NGS;HA2:154:NET	1
OQ240529	A/Rheinland-Pfalz/USAFSAM-13503/2022	2022-10-12	Germany	3C.2a1b.2a.2b	G.2	2b	HA1:8:NST;HA1:22:NGT;HA1:38:NAT;HA1:45:NSS;HA1:63:NCT;HA1:122:NES;HA1:126:NWT;HA1:133:NGT;HA1:165:NVT;HA1:246:NST;HA1:285:NGS;HA2:154:NET	1
OQ246299	A/California/148/2022	2022-10-20	USA	3C.2a1b.2a.2b	G.2	2b	HA1:8:NST;HA1:22:NGT;HA1:38:NAT;HA1:45:NSS;HA1:63:NCT;HA1:122:NES;HA1:126:NWT;HA1:133:NGT;HA1:165:NVT;HA1:246:NST;HA1:285:NGS;HA2:154:NET	1
OQ368083	A/Rheinland-Pfalz/USAFSAM-13920/2022	2022-12-05	Germany	3C.2a1b.2a.2b	G.2	2b	HA1:8:NST;HA1:22:NGT;HA1:38:NAT;HA1:45:NSS;HA1:63:NCT;HA1:122:NES;HA1:126:NWT;HA1:133:NGT;HA1:165:NVT;HA1:246:NST;HA1:285:NGS;HA2:154:NET	1
OQ368171	A/Rheinland-Pfalz/USAFSAM-13936/2022	2022-12-05	Germany	3C.2a1b.2a.2b	G.2.1	2b	HA1:8:NST;HA1:22:NGT;HA1:38:NAT;HA1:45:NSS;HA1:63:NCT;HA1:122:NES;HA1:126:NWT;HA1:165:NVT;HA1:246:NST;HA1:285:NGS;HA2:154:NET	1
OQ460515	A/New Jersey/50/2022	2022-11-02	USA	3C.2a1b.2a.2b	G.2.1	2b	HA1:8:NST;HA1:22:NGT;HA1:38:NAT;HA1:45:NSS;HA1:63:NCT;HA1:122:NES;HA1:126:NWT;HA1:165:NVT;HA1:246:NST;HA1:285:NGS;HA2:154:NET	1
OQ463419	A/Pennsylvania/61/2022	2022-11-01	USA	3C.2a1b.2a.2a.3	G.1.3	2a.3	HA1:8:NST;HA1:22:NGT;HA1:38:NAT;HA1:45:NSS;HA1:63:NCT;HA1:94:NSS;HA1:122:NES;HA1:126:NWT;HA1:165:NVT;HA1:246:NST;HA1:285:NGS;HA2:154:NET	-0
OQ463587	A/Tennessee/18/2022	2022-09-30	USA	3C.2a1b.2a.2a.1	G.1.1	2a.1	HA1:8:NST;HA1:22:NGT;HA1:38:NAT;HA1:45:NSS;HA1:63:NCT;HA1:122:NES;HA1:126:NWT;HA1:133:NGT;HA1:165:NVT;HA1:246:NST;HA1:285:NGS;HA2:154:NET	-0
OQ465106	A/New Hampshire/34/2022	2022-11-21	USA	3C.2a1b.2a.2a.1b	G.1.1.2	2a.1b	HA1:8:NST;HA1:22:NGT;HA1:38:NAT;HA1:45:NSS;HA1:63:NCT;HA1:122:NES;HA1:126:NWT;HA1:133:NGT;HA1:165:NVT;HA1:246:NST;HA1:285:NGS;HA2:154:NET	-0
OQ663861	A/New Jersey/90/2022	2022-12-10	USA	3C.2a1b.2a.2b	G.2	2b	HA1:8:NST;HA1:22:NGT;HA1:38:NAT;HA1:45:NSS;HA1:63:NCT;HA1:122:NES;HA1:126:NWT;HA1:133:NGT;HA1:165:NVT;HA1:246:NST;HA1:285:NGS;HA2:154:NET	1
OQ664526	A/Florida/96/2022	2022-09-27	USA	3C.2a1b.2a.2b	G.2	2b	HA1:8:NST;HA1:22:NGT;HA1:38:NAT;HA1:45:NSS;HA1:63:NCT;HA1:122:NES;HA1:126:NWT;HA1:133:NGT;HA1:165:NVT;HA1:246:NST;HA1:285:NGS;HA2:154:NET	1
OQ665536	A/Florida/97/2022	2022-09-30	USA	3C.2a1b.2a.2b	G.2	2b	HA1:8:NST;HA1:22:NGT;HA1:38:NAT;HA1:45:NSS;HA1:63:NCT;HA1:122:NES;HA1:126:NWT;HA1:133:NGT;HA1:165:NVS;HA1:246:NST;HA1:285:NGS;HA2:154:NET	1
OQ666336	A/Montana/45/2022	2022-11-13	USA	3C.2a1b.2a.2b	G.2	2b	HA1:8:NST;HA1:22:NGT;HA1:38:NAT;HA1:45:NSS;HA1:63:NCT;HA1:122:NES;HA1:126:NWT;HA1:133:NGT;HA1:165:NVT;HA1:246:NST;HA1:285:NGS;HA2:154:NET	1
OQ667048	A/South Dakota/04/2023	2023-01-02	USA	3C.2a1b.2a.2b	G.2	2b	HA1:8:NGT;HA1:22:NGT;HA1:38:NAT;HA1:45:NSS;HA1:63:NCT;HA1:122:NES;HA1:126:NWT;HA1:133:NGT;HA1:165:NVT;HA1:246:NST;HA1:285:NGS;HA2:154:NET	1
OQ718999	A/Darwin/6/2021	2021-03-16	Australia	3C.2a1b.2a.2a	G.1	2a	HA1:8:NST;HA1:22:NGT;HA1:38:NAT;HA1:45:NSS;HA1:63:NCT;HA1:122:NES;HA1:126:NWT;HA1:133:NGT;HA1:165:NVT;HA1:246:NST;HA1:285:NGS;HA2:154:NET	-0
OQ719007	A/Darwin/9/2021	2021-04-17	Australia	3C.2a1b.2a.2a	G.1	2a	HA1:8:NST;HA1:22:NGT;HA1:38:NAT;HA1:45:NSS;HA1:63:NCT;HA1:122:NES;HA1:126:NWT;HA1:133:NGT;HA1:165:NVT;HA1:246:NST;HA1:285:NGS;HA2:154:NET	-0
OQ796355	A/USA/10048823958/2022	2022-12-11	USA	3C.2a1b.2a.2b	G.2.2	2b	HA1:8:NST;HA1:22:NGT;HA1:38:NAT;HA1:45:NSS;HA1:63:NCT;HA1:122:NES;HA1:126:NWT;HA1:133:NGT;HA1:165:NVT;HA1:246:NST;HA1:285:NGS;HA2:154:NET	1
OQ917670	A/Michigan/UOM10048388051/2022	2022-11-13	USA	3C.2a1b.2a.2a.1b	G.1.1.2	2a.1b	HA1:8:NST;HA1:22:NGT;HA1:38:NAT;HA1:45:NSS;HA1:63:NCT;HA1:122:NES;HA1:126:NWT;HA1:133:NGT;HA1:165:NVT;HA1:246:NST;HA1:285:NGS;HA2:154:NET	-0
OR008940	A/Arizona/11/2023	2023-01-17	USA	3C.2a1b.2a.2b	G.2	2b	HA1:8:NST;HA1:22:NGT;HA1:38:NAT;HA1:45:NSS;HA1:63:NCT;HA1:122:NES;HA1:126:NWT;HA1:133:NGT;HA1:165:NVT;HA1:246:NST;HA1:285:NGS;HA2:154:NET	1
OR008972	A/Rhode Island/04/2023	2023-01-08	USA	3C.2a1b.2a.2a.1b	G.1.1.2	2a.1b	HA1:8:NST;HA1:22:NGT;HA1:38:NAT;HA1:45:NSS;HA1:63:NCT;HA1:122:NES;HA1:126:NWT;HA1:133:NGT;HA1:165:NVT;HA1:246:NST;HA1:285:NGS;HA2:154:NET	-0
OR009013	A/Pennsylvania/06/2023	2023-01-06	USA	3C.2a1b.2a.2b	G.2	2b	HA1:8:NST;HA1:22:NGT;HA1:38:NAT;HA1:45:NSS;HA1:63:NCT;HA1:122:NES;HA1:126:NWT;HA1:133:NGT;HA1:165:NVT;HA1:246:NST;HA1:285:NGS;HA2:154:NET	1
OR009861	A/Colorado/77/2022	2022-12-25	USA	3C.2a1b.2a.2a.1	G.1.1	2a.1	HA1:8:NST;HA1:22:NGT;HA1:38:NAT;HA1:45:NSS;HA1:63:NCT;HA1:122:NES;HA1:126:NWT;HA1:133:NGT;HA1:165:NVT;HA1:246:NST;HA1:285:NGS;HA2:154:NET	-0
OR012168	A/New Hampshire/01/2023	2023-01-08	USA	3C.2a1b.2a.2b	G.2	2b	HA1:8:NST;HA1:22:NGT;HA1:38:NAT;HA1:45:NSS;HA1:63:NCT;HA1:122:NES;HA1:126:NWT;HA1:133:NGT;HA1:165:NVT;HA1:246:NST;HA1:285:NGS;HA2:154:NET	1
OR012663	A/North Dakota/21/2023	2023-02-22	USA	3C.2a1b.2a.2a.1	G.1.1	2a.1	HA1:8:NST;HA1:22:NGT;HA1:38:NAT;HA1:45:NSS;HA1:63:NCT;HA1:122:NES;HA1:126:NWT;HA1:133:NGT;HA1:165:NVT;HA1:246:NST;HA1:285:NGS;HA2:154:NET	-0
OR012679	A/North Dakota/25/2023	2023-03-04	USA	3C.2a1b.2a.2a.1b	G.1.1.2	2a.1b	HA1:8:NST;HA1:22:NGT;HA1:38:NAT;HA1:45:NSS;HA1:63:NCT;HA1:122:NES;HA1:126:NWT;HA1:133:NGT;HA1:165:NVT;HA1:246:NST;HA1:285:NGS;HA2:154:NET	-0
OR013148	A/Pennsylvania/35/2023	2023-02-17	USA	3C.2a1b.2a.2b	G.2.1	2b	HA1:8:NST;HA1:22:NGT;HA1:38:NAT;HA1:45:NSS;HA1:122:NES;HA1:126:NWT;HA1:165:NVT;HA1:246:NST;HA1:285:NGS;HA2:154:NET	1
OR013403	A/South Dakota/16/2023	2023-02-12	USA	3C.2a1b.2a.2b	G.2	2b	HA1:8:NST;HA1:22:NGT;HA1:38:NAT;HA1:45:NSS;HA1:63:NCT;HA1:122:NES;HA1:126:NWT;HA1:133:NGT;HA1:165:NVT;HA1:246:NST;HA1:285:NGS;HA2:154:NET	1
OR014210	A/Wisconsin/19/2023	2023-02-03	USA	3C.2a1b.2a.2b	G.2.1	2b	HA1:8:NST;HA1:22:NGT;HA1:38:NAT;HA1:45:NSS;HA1:63:NCT;HA1:122:NES;HA1:126:NWT;HA1:165:NVT;HA1:246:NST;HA1:285:NGS;HA2:154:NET	1
OR166948	A/Rheinland-Pfalz/USAFSAM-14187/2023	2023-03-07	Germany	3C.2a1b.2a.2b	G.2.1	2b	HA1:8:NST;HA1:22:NGT;HA1:38:NAT;HA1:45:NSS;HA1:63:NCT;HA1:122:NES;HA1:126:NWT;HA1:165:NVT;HA1:246:NST;HA1:285:NGS;HA2:154:NET	1
OR201303	A/Colorado/39/2023	2023-03-21	USA	3C.2a1b.2a.2a.3a.1	J	2a.3a.1	HA1:8:NST;HA1:22:NGT;HA1:38:NAT;HA1:45:NSS;HA1:94:NSS;HA1:122:NES;HA1:126:NWT;HA1:133:NGT;HA1:165:NVT;HA1:246:NST;HA1:285:NGS;HA2:154:NET	-0
OR201311	A/Colorado/43/2023	2023-04-07	USA	3C.2a1b.2a.2a.1b	G.1.1.2	2a.1b	HA1:8:NST;HA1:22:NGT;HA1:38:NAT;HA1:45:NSS;HA1:63:NCT;HA1:122:NES;HA1:126:NWT;HA1:133:NGT;HA1:165:NVT;HA1:246:NST;HA1:285:NGS;HA2:154:NET	-0
OR201319	A/Colorado/43/2023	2023-04-07	USA	3C.2a1b.2a.2a.1b	G.1.1.2	2a.1b	HA1:8:NST;HA1:22:NGT;HA1:38:NAT;HA1:45:NSS;HA1:63:NCT;HA1:122:NES;HA1:126:NWT;HA1:133:NGT;HA1:165:NVT;HA1:246:NST;HA1:285:NGS;HA2:154:NET	-0
OR201327	A/Colorado/45/2023	2023-04-10	USA	3C.2a1b.2a.2a.1b	G.1.1.2	2a.1b	HA1:8:NST;HA1:22:NGT;HA1:38:NAT;HA1:45:NSS;HA1:63:NCT;HA1:122:NES;HA1:126:NWT;HA1:133:NGT;HA1:165:NVT;HA1:246:NST;HA1:285:NGS;HA2:154:NET	-0
OR201543	A/Maryland/21/2023	2023-02-09	USA	3C.2a1b.2a.2a.1b	G.1.1.2	2a.1b	HA1:8:NST;HA1:22:NGT;HA1:38:NAT;HA1:45:NSS;HA1:63:NCT;HA1:122:NES;HA1:126:NWT;HA1:133:NGT;HA1:165:NVT;HA1:246:NST;HA1:285:NGS;HA2:154:NET	-0
OR201918	A/Rhode Island/21/2023	2023-03-16	USA	3C.2a1b.2a.2a.3a.1	J	2a.3a.1	HA1:8:NST;HA1:22:NGT;HA1:38:NAT;HA1:45:NSS;HA1:63:NCT;HA1:94:NSS;HA1:126:NWT;HA1:133:NGT;HA1:165:NVT;HA1:246:NST;HA1:285:NGS;HA2:154:NET	-0
OR202046	A/Vermont/16/2023	2023-03-02	USA	3C.2a1b.2a.2a.1b	G.1.1.2	2a.1b	HA1:8:NST;HA1:22:NGT;HA1:38:NAT;HA1:45:NSS;HA1:63:NCT;HA1:122:NES;HA1:126:NWT;HA1:133:NGT;HA1:165:NVT;HA1:246:NST;HA1:285:NGS;HA2:154:NET	-0
OR202165	A/Wisconsin/38/2023	2023-04-05	USA	3C.2a1b.2a.2a.1	G.1.1	2a.1	HA1:8:NST;HA1:22:NGT;HA1:38:NAT;HA1:45:NSS;HA1:63:NCT;HA1:122:NES;HA1:126:NWT;HA1:133:NGT;HA1:165:NVT;HA1:246:NST;HA1:285:NGS;HA2:154:NET	-0
OR202173	A/Wisconsin/38/2023	2023-04-05	USA	3C.2a1b.2a.2a.1	G.1.1	2a.1	HA1:8:NST;HA1:22:NGT;HA1:38:NAT;HA1:45:NSS;HA1:63:NCT;HA1:122:NES;HA1:126:NWT;HA1:133:NGT;HA1:165:NVT;HA1:246:NST;HA1:285:NGS;HA2:154:NET	-0
